BEGIN TRANSACTION;
INSERT INTO "Status" ("ID","EnglishTitle","GermanTitle","Details","Notes","StatusID","LastUpdated") VALUES ('_xxx','Status English Title X','Status German Title X','Status Details X','Status Notes X','_xxx','Status Last Updated X');
INSERT INTO "Status" ("ID","EnglishTitle","GermanTitle","Details","Notes","StatusID","LastUpdated") VALUES ('_yyy','Status English Title Y','Status German Title Y','Status Details Y','Status Notes Y','_yyy','Status Last Updated Y');
INSERT INTO "Status" ("ID","EnglishTitle","GermanTitle","Details","Notes","StatusID","LastUpdated") VALUES ('_zzz','Status English Title Z','Status German Title Z','Status Details Z','Status Notes Z','_zzz','Status Last Updated Z');
INSERT INTO "Color" ("ID","EnglishTitle","GermanTitle","Details","Notes","StatusID","LastUpdated") VALUES ('_xxx','Color English Title X','Color German Title X','Color Details X','Color Notes X','_xxx','Color Last Updated X');
INSERT INTO "Color" ("ID","EnglishTitle","GermanTitle","Details","Notes","StatusID","LastUpdated") VALUES ('_yyy','Color English Title Y','Color German Title Y','Color Details Y','Color Notes Y','_yyy','Color Last Updated Y');
INSERT INTO "Color" ("ID","EnglishTitle","GermanTitle","Details","Notes","StatusID","LastUpdated") VALUES ('_zzz','Color English Title Z','Color German Title Z','Color Details Z','Color Notes Z','_zzz','Color Last Updated Z');
INSERT INTO "Connection" ("ID","Title","ConnectionID","Details","Notes","StatusID","LastUpdated") VALUES ('_xxx','Connection Title X',NULL,'Connection Details X','Connection Notes X','_xxx','Connection Last Updated X');
INSERT INTO "Connection" ("ID","Title","ConnectionID","Details","Notes","StatusID","LastUpdated") VALUES ('_yyy','Connection Title Y',NULL,'Connection Details Y','Connection Notes Y','_yyy','Connection Last Updated Y');
INSERT INTO "Connection" ("ID","Title","ConnectionID","Details","Notes","StatusID","LastUpdated") VALUES ('_zzz','Connection Title Z',NULL,'Connection Details Z','Connection Notes Z','_zzz','Connection Last Updated Z');
INSERT INTO "Country" ("ID","OriginalName","EnglishName","GermanName","Details","Notes","StatusID","LastUpdated") VALUES ('_xxx','Country Original Name X','Country English Name X','Country German Name X','Country Details X','Country Notes X','_xxx','Country Last Updated X');
INSERT INTO "Country" ("ID","OriginalName","EnglishName","GermanName","Details","Notes","StatusID","LastUpdated") VALUES ('_yyy','Country Original Name Y','Country English Name Y','Country German Name Y','Country Details Y','Country Notes Y','_yyy','Country Last Updated Y');
INSERT INTO "Country" ("ID","OriginalName","EnglishName","GermanName","Details","Notes","StatusID","LastUpdated") VALUES ('_zzz','Country Original Name Z','Country English Name Z','Country German Name Z','Country Details Z','Country Notes Z','_zzz','Country Last Updated Z');
INSERT INTO "Genre" ("ID","EnglishTitle","GermanTitle","Details","Notes","StatusID","LastUpdated") VALUES ('_xxx','Genre English Title X','Genre German Title X','Genre Details X','Genre Notes X','_xxx','Genre Last Updated X');
INSERT INTO "Genre" ("ID","EnglishTitle","GermanTitle","Details","Notes","StatusID","LastUpdated") VALUES ('_yyy','Genre English Title Y','Genre German Title Y','Genre Details Y','Genre Notes Y','_yyy','Genre Last Updated Y');
INSERT INTO "Genre" ("ID","EnglishTitle","GermanTitle","Details","Notes","StatusID","LastUpdated") VALUES ('_zzz','Genre English Title Z','Genre German Title Z','Genre Details Z','Genre Notes Z','_zzz','Genre Last Updated Z');
INSERT INTO "Language" ("ID","OriginalName","EnglishName","GermanName","Details","Notes","StatusID","LastUpdated") VALUES ('_xxx','Language Original Name X','Language English Name X','Language German Name X','Language Details X','Language Notes X','_xxx','Language Last Updated X');
INSERT INTO "Language" ("ID","OriginalName","EnglishName","GermanName","Details","Notes","StatusID","LastUpdated") VALUES ('_yyy','Language Original Name Y','Language English Name Y','Language German Name Y','Language Details Y','Language Notes Y','_yyy','Language Last Updated Y');
INSERT INTO "Language" ("ID","OriginalName","EnglishName","GermanName","Details","Notes","StatusID","LastUpdated") VALUES ('_zzz','Language Original Name Z','Language English Name Z','Language German Name Z','Language Details Z','Language Notes Z','_zzz','Language Last Updated Z');
INSERT INTO "Person" ("ID","FirstName","LastName","NameAddOn","BirthName","DateOfBirth","DateOfDeath","Details","Notes","StatusID","LastUpdated") VALUES ('_xxx','Person First Name X','Person Last Name X','Person Name AddOn X','Person Birth Name X','Person Date of Birth X','Person Date of Death X','Person Details X','Person Notes X','_xxx','Person Last Updated X');
INSERT INTO "Person" ("ID","FirstName","LastName","NameAddOn","BirthName","DateOfBirth","DateOfDeath","Details","Notes","StatusID","LastUpdated") VALUES ('_yyy','Person First Name Y','Person Last Name Y','Person Name AddOn Y','Person Birth Name Y','Person Date of Birth Y','Person Date of Death Y','Person Details Y','Person Notes Y','_yyy','Person Last Updated Y');
INSERT INTO "Person" ("ID","FirstName","LastName","NameAddOn","BirthName","DateOfBirth","DateOfDeath","Details","Notes","StatusID","LastUpdated") VALUES ('_zzz','Person First Name Z','Person Last Name Z','Person Name AddOn Z','Person Birth Name Z','Person Date of Birth Z','Person Date of Death Z','Person Details Z','Person Notes Z','_zzz','Person Last Updated Z');
INSERT INTO "Type" ("ID","EnglishTitle","GermanTitle","Details","Notes","StatusID","LastUpdated") VALUES ('_xxx','Type English Title X','Type German Title X','Type Details X','Type Notes X','_xxx','Type Last Updated X');
INSERT INTO "Type" ("ID","EnglishTitle","GermanTitle","Details","Notes","StatusID","LastUpdated") VALUES ('_yyy','Type English Title Y','Type German Title Y','Type Details Y','Type Notes Y','_yyy','Type Last Updated Y');
INSERT INTO "Type" ("ID","EnglishTitle","GermanTitle","Details","Notes","StatusID","LastUpdated") VALUES ('_zzz','Type English Title Z','Type German Title Z','Type Details Z','Type Notes Z','_zzz','Type Last Updated Z');
INSERT INTO "Movie" ("ID","OriginalTitle","EnglishTitle","GermanTitle","TypeID","ReleaseDate","ConnectionID","Details","Notes","StatusID","LastUpdated") VALUES ('_xxx','Movie Original Title X','Movie English Title X','Movie German Title X','_xxx','Movie Release Date X','_xxx','Movie Details X','Movie Notes X','_xxx','Movie Last Updated X');
INSERT INTO "Movie" ("ID","OriginalTitle","EnglishTitle","GermanTitle","TypeID","ReleaseDate","ConnectionID","Details","Notes","StatusID","LastUpdated") VALUES ('_yyy','Movie Original Title Y','Movie English Title Y','Movie German Title Y','_yyy','Movie Release Date Y','_yyy','Movie Details Y','Movie Notes Y','_yyy','Movie Last Updated Y');
INSERT INTO "Movie" ("ID","OriginalTitle","EnglishTitle","GermanTitle","TypeID","ReleaseDate","ConnectionID","Details","Notes","StatusID","LastUpdated") VALUES ('_zzz','Movie Original Title Z','Movie English Title Z','Movie German Title Z','_zzz','Movie Release Date Z','_zzz','Movie Details Z','Movie Notes Z','_zzz','Movie Last Updated Z');
INSERT INTO "Movie_Color" ("ID","MovieID","ColorID","Details","Notes","StatusID","LastUpdated") VALUES ('_xx1','_xxx','_xxx','Movie Color Details X1','Movie Color Notes X1','_xxx','Movie Color Last Updated X1');
INSERT INTO "Movie_Color" ("ID","MovieID","ColorID","Details","Notes","StatusID","LastUpdated") VALUES ('_xx2','_xxx','_yyy','Movie Color Details X2','Movie Color Notes X2','_xxx','Movie Color Last Updated X2');
INSERT INTO "Movie_Color" ("ID","MovieID","ColorID","Details","Notes","StatusID","LastUpdated") VALUES ('_xx3','_xxx','_zzz','Movie Color Details X3','Movie Color Notes X3','_xxx','Movie Color Last Updated X3');
INSERT INTO "Movie_Color" ("ID","MovieID","ColorID","Details","Notes","StatusID","LastUpdated") VALUES ('_yy1','_yyy','_xxx','Movie Color Details Y1','Movie Color Notes Y1','_yyy','Movie Color Last Updated Y1');
INSERT INTO "Movie_Color" ("ID","MovieID","ColorID","Details","Notes","StatusID","LastUpdated") VALUES ('_yy2','_yyy','_yyy','Movie Color Details Y2','Movie Color Notes Y2','_yyy','Movie Color Last Updated Y2');
INSERT INTO "Movie_Color" ("ID","MovieID","ColorID","Details","Notes","StatusID","LastUpdated") VALUES ('_yy3','_yyy','_zzz','Movie Color Details Y3','Movie Color Notes Y3','_yyy','Movie Color Last Updated Y3');
INSERT INTO "Movie_Color" ("ID","MovieID","ColorID","Details","Notes","StatusID","LastUpdated") VALUES ('_zz1','_zzz','_xxx','Movie Color Details Z1','Movie Color Notes Z1','_zzz','Movie Color Last Updated Z1');
INSERT INTO "Movie_Color" ("ID","MovieID","ColorID","Details","Notes","StatusID","LastUpdated") VALUES ('_zz2','_zzz','_yyy','Movie Color Details Z2','Movie Color Notes Z2','_zzz','Movie Color Last Updated Z2');
INSERT INTO "Movie_Color" ("ID","MovieID","ColorID","Details","Notes","StatusID","LastUpdated") VALUES ('_zz3','_zzz','_zzz','Movie Color Details Z3','Movie Color Notes Z3','_zzz','Movie Color Last Updated Z3');
INSERT INTO "Movie_Country" ("ID","MovieID","CountryID","Details","Notes","StatusID","LastUpdated") VALUES ('_xx1','_xxx','_xxx','Movie Country Details X1','Movie Country Notes X1','_xxx','Movie Country Last Updated X1');
INSERT INTO "Movie_Country" ("ID","MovieID","CountryID","Details","Notes","StatusID","LastUpdated") VALUES ('_xx2','_xxx','_yyy','Movie Country Details X2','Movie Country Notes X2','_xxx','Movie Country Last Updated X2');
INSERT INTO "Movie_Country" ("ID","MovieID","CountryID","Details","Notes","StatusID","LastUpdated") VALUES ('_xx3','_xxx','_zzz','Movie Country Details X3','Movie Country Notes X3','_xxx','Movie Country Last Updated X3');
INSERT INTO "Movie_Country" ("ID","MovieID","CountryID","Details","Notes","StatusID","LastUpdated") VALUES ('_yy1','_yyy','_xxx','Movie Country Details Y1','Movie Country Notes Y1','_yyy','Movie Country Last Updated Y1');
INSERT INTO "Movie_Country" ("ID","MovieID","CountryID","Details","Notes","StatusID","LastUpdated") VALUES ('_yy2','_yyy','_yyy','Movie Country Details Y2','Movie Country Notes Y2','_yyy','Movie Country Last Updated Y2');
INSERT INTO "Movie_Country" ("ID","MovieID","CountryID","Details","Notes","StatusID","LastUpdated") VALUES ('_yy3','_yyy','_zzz','Movie Country Details Y3','Movie Country Notes Y3','_yyy','Movie Country Last Updated Y3');
INSERT INTO "Movie_Country" ("ID","MovieID","CountryID","Details","Notes","StatusID","LastUpdated") VALUES ('_zz1','_zzz','_xxx','Movie Country Details Z1','Movie Country Notes Z1','_zzz','Movie Country Last Updated Z1');
INSERT INTO "Movie_Country" ("ID","MovieID","CountryID","Details","Notes","StatusID","LastUpdated") VALUES ('_zz2','_zzz','_yyy','Movie Country Details Z2','Movie Country Notes Z2','_zzz','Movie Country Last Updated Z2');
INSERT INTO "Movie_Country" ("ID","MovieID","CountryID","Details","Notes","StatusID","LastUpdated") VALUES ('_zz3','_zzz','_zzz','Movie Country Details Z3','Movie Country Notes Z3','_zzz','Movie Country Last Updated Z3');
INSERT INTO "Movie_Genre" ("ID","MovieID","GenreID","Details","Notes","StatusID","LastUpdated") VALUES ('_xx1','_xxx','_xxx','Movie Genre Details X1','Movie Genre Notes X1','_xxx','Movie Genre Last Updated X1');
INSERT INTO "Movie_Genre" ("ID","MovieID","GenreID","Details","Notes","StatusID","LastUpdated") VALUES ('_xx2','_xxx','_yyy','Movie Genre Details X2','Movie Genre Notes X2','_xxx','Movie Genre Last Updated X2');
INSERT INTO "Movie_Genre" ("ID","MovieID","GenreID","Details","Notes","StatusID","LastUpdated") VALUES ('_xx3','_xxx','_zzz','Movie Genre Details X3','Movie Genre Notes X3','_xxx','Movie Genre Last Updated X3');
INSERT INTO "Movie_Genre" ("ID","MovieID","GenreID","Details","Notes","StatusID","LastUpdated") VALUES ('_yy1','_yyy','_xxx','Movie Genre Details Y1','Movie Genre Notes Y1','_yyy','Movie Genre Last Updated Y2');
INSERT INTO "Movie_Genre" ("ID","MovieID","GenreID","Details","Notes","StatusID","LastUpdated") VALUES ('_yy2','_yyy','_yyy','Movie Genre Details Y2','Movie Genre Notes Y2','_yyy','Movie Genre Last Updated Y2');
INSERT INTO "Movie_Genre" ("ID","MovieID","GenreID","Details","Notes","StatusID","LastUpdated") VALUES ('_yy3','_yyy','_zzz','Movie Genre Details Y3','Movie Genre Notes Y3','_yyy','Movie Genre Last Updated Y3');
INSERT INTO "Movie_Genre" ("ID","MovieID","GenreID","Details","Notes","StatusID","LastUpdated") VALUES ('_zz1','_zzz','_xxx','Movie Genre Details Z1','Movie Genre Notes Z1','_zzz','Movie Genre Last Updated Z1');
INSERT INTO "Movie_Genre" ("ID","MovieID","GenreID","Details","Notes","StatusID","LastUpdated") VALUES ('_zz2','_zzz','_yyy','Movie Genre Details Z2','Movie Genre Notes Z2','_zzz','Movie Genre Last Updated Z2');
INSERT INTO "Movie_Genre" ("ID","MovieID","GenreID","Details","Notes","StatusID","LastUpdated") VALUES ('_zz3','_zzz','_zzz','Movie Genre Details Z3','Movie Genre Notes Z3','_zzz','Movie Genre Last Updated Z3');
INSERT INTO "Movie_Language" ("ID","MovieID","LanguageID","Details","Notes","StatusID","LastUpdated") VALUES ('_xx1','_xxx','_xxx','Movie Language Details X1','Movie Language Notes X1','_xxx','Movie Language Last Updated X1');
INSERT INTO "Movie_Language" ("ID","MovieID","LanguageID","Details","Notes","StatusID","LastUpdated") VALUES ('_xx2','_xxx','_yyy','Movie Language Details X2','Movie Language Notes X2','_xxx','Movie Language Last Updated X2');
INSERT INTO "Movie_Language" ("ID","MovieID","LanguageID","Details","Notes","StatusID","LastUpdated") VALUES ('_xx3','_xxx','_zzz','Movie Language Details X3','Movie Language Notes X3','_xxx','Movie Language Last Updated X3');
INSERT INTO "Movie_Language" ("ID","MovieID","LanguageID","Details","Notes","StatusID","LastUpdated") VALUES ('_yy1','_yyy','_xxx','Movie Language Details Y1','Movie Language Notes Y1','_yyy','Movie Language Last Updated Y1');
INSERT INTO "Movie_Language" ("ID","MovieID","LanguageID","Details","Notes","StatusID","LastUpdated") VALUES ('_yy2','_yyy','_yyy','Movie Language Details Y2','Movie Language Notes Y2','_yyy','Movie Language Last Updated Y2');
INSERT INTO "Movie_Language" ("ID","MovieID","LanguageID","Details","Notes","StatusID","LastUpdated") VALUES ('_yy3','_yyy','_zzz','Movie Language Details Y3','Movie Language Notes Y3','_yyy','Movie Language Last Updated Y3');
INSERT INTO "Movie_Language" ("ID","MovieID","LanguageID","Details","Notes","StatusID","LastUpdated") VALUES ('_zz1','_zzz','_xxx','Movie Language Details Z1','Movie Language Notes Z1','_zzz','Movie Language Last Updated Z1');
INSERT INTO "Movie_Language" ("ID","MovieID","LanguageID","Details","Notes","StatusID","LastUpdated") VALUES ('_zz2','_zzz','_yyy','Movie Language Details Z2','Movie Language Notes Z2','_zzz','Movie Language Last Updated Z2');
INSERT INTO "Movie_Language" ("ID","MovieID","LanguageID","Details","Notes","StatusID","LastUpdated") VALUES ('_zz3','_zzz','_zzz','Movie Language Details Z3','Movie Language Notes Z3','_zzz','Movie Language Last Updated Z3');
INSERT INTO "Movie_Director" ("ID","MovieID","PersonID","Role","Details","Notes","StatusID","LastUpdated") VALUES ('_xx1','_xxx','_xxx','Movie Director Role X1','Movie Director Details X1','Movie Director Notes X1','_xxx','Movie Director Last Updated X1');
INSERT INTO "Movie_Director" ("ID","MovieID","PersonID","Role","Details","Notes","StatusID","LastUpdated") VALUES ('_xx2','_xxx','_yyy','Movie Director Role X2','Movie Director Details X2','Movie Director Notes X2','_xxx','Movie Director Last Updated X2');
INSERT INTO "Movie_Director" ("ID","MovieID","PersonID","Role","Details","Notes","StatusID","LastUpdated") VALUES ('_xx3','_xxx','_zzz','Movie Director Role X3','Movie Director Details X3','Movie Director Notes X3','_xxx','Movie Director Last Updated X3');
INSERT INTO "Movie_Director" ("ID","MovieID","PersonID","Role","Details","Notes","StatusID","LastUpdated") VALUES ('_yy1','_yyy','_xxx','Movie Director Role Y1','Movie Director Details Y1','Movie Director Notes Y1','_yyy','Movie Director Last Updated Y1');
INSERT INTO "Movie_Director" ("ID","MovieID","PersonID","Role","Details","Notes","StatusID","LastUpdated") VALUES ('_yy2','_yyy','_yyy','Movie Director Role Y2','Movie Director Details Y2','Movie Director Notes Y2','_yyy','Movie Director Last Updated Y2');
INSERT INTO "Movie_Director" ("ID","MovieID","PersonID","Role","Details","Notes","StatusID","LastUpdated") VALUES ('_yy3','_yyy','_zzz','Movie Director Role Y3','Movie Director Details Y3','Movie Director Notes Y3','_yyy','Movie Director Last Updated Y3');
INSERT INTO "Movie_Director" ("ID","MovieID","PersonID","Role","Details","Notes","StatusID","LastUpdated") VALUES ('_zz1','_zzz','_xxx','Movie Director Role Z1','Movie Director Details Z1','Movie Director Notes Z1','_zzz','Movie Director Last Updated Z1');
INSERT INTO "Movie_Director" ("ID","MovieID","PersonID","Role","Details","Notes","StatusID","LastUpdated") VALUES ('_zz2','_zzz','_yyy','Movie Director Role Z2','Movie Director Details Z2','Movie Director Notes Z2','_zzz','Movie Director Last Updated Z2');
INSERT INTO "Movie_Director" ("ID","MovieID","PersonID","Role","Details","Notes","StatusID","LastUpdated") VALUES ('_zz3','_zzz','_zzz','Movie Director Role Z3','Movie Director Details Z3','Movie Director Notes Z3','_zzz','Movie Director Last Updated Z3');
COMMIT;
